0;36
RGM.1000771;https://medialib.naturalis.nl/file/id/RGM.1000771/format/large
RGM.1002079;https://medialib.naturalis.nl/file/id/RGM.1002079/format/large
RGM.1002081;https://medialib.naturalis.nl/file/id/RGM.1002081/format/large
RGM.1002856;https://medialib.naturalis.nl/file/id/RGM.1002856/format/large
RGM.1034915;https://medialib.naturalis.nl/file/id/RGM.1034915/format/large
RGM.1034916;https://medialib.naturalis.nl/file/id/RGM.1034916/format/large
RGM.107333;https://medialib.naturalis.nl/file/id/RGM.107333/format/large
RGM.107333;https://medialib.naturalis.nl/file/id/RGM.107333_1/format/large
RGM.107333;https://medialib.naturalis.nl/file/id/RGM.107333_2/format/large
RGM.1073368;https://medialib.naturalis.nl/file/id/RGM.1073368/format/large
RGM.1073385;https://medialib.naturalis.nl/file/id/RGM.1073385/format/large
RGM.1073423;https://medialib.naturalis.nl/file/id/RGM.1073423/format/large
RGM.1073545;https://medialib.naturalis.nl/file/id/RGM.1073545/format/large
RGM.1073659;https://medialib.naturalis.nl/file/id/RGM.1073659/format/large
RGM.1073856;https://medialib.naturalis.nl/file/id/RGM.1073856/format/large
RGM.1073856;https://medialib.naturalis.nl/file/id/RGM.1073856_2/format/large
RGM.1073908;https://medialib.naturalis.nl/file/id/RGM.1073908/format/large
RGM.1073908;https://medialib.naturalis.nl/file/id/RGM.1073908_2/format/large
RGM.1073990;https://medialib.naturalis.nl/file/id/RGM.1073990/format/large
RGM.1073990;https://medialib.naturalis.nl/file/id/RGM.1073990_2/format/large
RGM.1074013;https://medialib.naturalis.nl/file/id/RGM.1074013/format/large
RGM.1074013;https://medialib.naturalis.nl/file/id/RGM.1074013_2/format/large
RGM.1074194;https://medialib.naturalis.nl/file/id/RGM.1074194/format/large
RGM.1074194;https://medialib.naturalis.nl/file/id/RGM.1074194_2/format/large
RGM.1074589;https://medialib.naturalis.nl/file/id/RGM.1074589/format/large
RGM.1082153;https://medialib.naturalis.nl/file/id/RGM.1082153/format/large
RGM.1082153;https://medialib.naturalis.nl/file/id/RGM.1082153_2/format/large
RGM.1082224;https://medialib.naturalis.nl/file/id/RGM.1082224/format/large
RGM.1083117;https://medialib.naturalis.nl/file/id/RGM.1083117/format/large
RGM.1083165;https://medialib.naturalis.nl/file/id/RGM.1083165/format/large
RGM.1083387;https://medialib.naturalis.nl/file/id/RGM.1083387/format/large
RGM.1083396;https://medialib.naturalis.nl/file/id/RGM.1083396/format/large
RGM.1085937;https://medialib.naturalis.nl/file/id/RGM.1085937/format/large
RGM.1086566;https://medialib.naturalis.nl/file/id/RGM.1086566/format/large
RGM.1089304;https://medialib.naturalis.nl/file/id/RGM.1089304/format/large
RGM.1089495;https://medialib.naturalis.nl/file/id/RGM.1089495/format/large
RGM.1089643;https://medialib.naturalis.nl/file/id/RGM.1089643/format/large
RGM.1089841;https://medialib.naturalis.nl/file/id/RGM.1089841/format/large
RGM.1090025;https://medialib.naturalis.nl/file/id/RGM.1090025/format/large
RGM.1090050;https://medialib.naturalis.nl/file/id/RGM.1090050/format/large
RGM.1090810;https://medialib.naturalis.nl/file/id/RGM.1090810/format/large
RGM.1100764;https://medialib.naturalis.nl/file/id/RGM.1100764/format/large
RGM.1101581;https://medialib.naturalis.nl/file/id/RGM.1101581/format/large
RGM.1103973;https://medialib.naturalis.nl/file/id/RGM.1103973/format/large
RGM.1131359;https://medialib.naturalis.nl/file/id/RGM.1131359/format/large
RGM.1133736;https://medialib.naturalis.nl/file/id/RGM.1133736/format/large
RGM.1141214;https://medialib.naturalis.nl/file/id/RGM.1141214/format/large
RGM.1141702;https://medialib.naturalis.nl/file/id/RGM.1141702/format/large
RGM.1145724;https://medialib.naturalis.nl/file/id/RGM.1145724/format/large
RGM.1145819;https://medialib.naturalis.nl/file/id/RGM.1145819/format/large
RGM.1145846;https://medialib.naturalis.nl/file/id/RGM.1145846/format/large
RGM.1147065;https://medialib.naturalis.nl/file/id/RGM.1147065/format/large
RGM.1147206;https://medialib.naturalis.nl/file/id/RGM.1147206/format/large
RGM.1147357;https://medialib.naturalis.nl/file/id/RGM.1147357/format/large
RGM.1147444;https://medialib.naturalis.nl/file/id/RGM.1147444/format/large
RGM.1148557;https://medialib.naturalis.nl/file/id/RGM.1148557/format/large
RGM.1148692;https://medialib.naturalis.nl/file/id/RGM.1148692/format/large
RGM.1149000;https://medialib.naturalis.nl/file/id/RGM.1149000/format/large
RGM.1150948;https://medialib.naturalis.nl/file/id/RGM.1150948/format/large
RGM.1151861;https://medialib.naturalis.nl/file/id/RGM.1151861/format/large
RGM.1152247;https://medialib.naturalis.nl/file/id/RGM.1152247/format/large
RGM.1152429;https://medialib.naturalis.nl/file/id/RGM.1152429/format/large
RGM.1152699;https://medialib.naturalis.nl/file/id/RGM.1152699/format/large
RGM.1152860;https://medialib.naturalis.nl/file/id/RGM.1152860/format/large
RGM.1153004;https://medialib.naturalis.nl/file/id/RGM.1153004/format/large
RGM.1153140;https://medialib.naturalis.nl/file/id/RGM.1153140/format/large
RGM.1154014;https://medialib.naturalis.nl/file/id/RGM.1154014/format/large
RGM.1154294;https://medialib.naturalis.nl/file/id/RGM.1154294/format/large
RGM.1154315;https://medialib.naturalis.nl/file/id/RGM.1154315/format/large
RGM.1154532;https://medialib.naturalis.nl/file/id/RGM.1154532/format/large
RGM.1154558;https://medialib.naturalis.nl/file/id/RGM.1154558/format/large
RGM.1154690;https://medialib.naturalis.nl/file/id/RGM.1154690/format/large
RGM.1154794;https://medialib.naturalis.nl/file/id/RGM.1154794/format/large
RGM.1155141;https://medialib.naturalis.nl/file/id/RGM.1155141/format/large
RGM.1155207;https://medialib.naturalis.nl/file/id/RGM.1155207/format/large
RGM.1155328;https://medialib.naturalis.nl/file/id/RGM.1155328/format/large
RGM.1155376;https://medialib.naturalis.nl/file/id/RGM.1155376/format/large
RGM.1155384;https://medialib.naturalis.nl/file/id/RGM.1155384/format/large
RGM.1155400;https://medialib.naturalis.nl/file/id/RGM.1155400/format/large
RGM.1155451;https://medialib.naturalis.nl/file/id/RGM.1155451/format/large
RGM.1155501;https://medialib.naturalis.nl/file/id/RGM.1155501/format/large
RGM.1155929;https://medialib.naturalis.nl/file/id/RGM.1155929/format/large
RGM.1155946;https://medialib.naturalis.nl/file/id/RGM.1155946/format/large
RGM.1158104;https://medialib.naturalis.nl/file/id/RGM.1158104/format/large
RGM.1158327;https://medialib.naturalis.nl/file/id/RGM.1158327/format/large
RGM.1158497;https://medialib.naturalis.nl/file/id/RGM.1158497/format/large
RGM.1158544;https://medialib.naturalis.nl/file/id/RGM.1158544/format/large
RGM.1158616;https://medialib.naturalis.nl/file/id/RGM.1158616/format/large
RGM.1158628;https://medialib.naturalis.nl/file/id/RGM.1158628/format/large
RGM.1158907;https://medialib.naturalis.nl/file/id/RGM.1158907/format/large
RGM.1159815;https://medialib.naturalis.nl/file/id/RGM.1159815/format/large
RGM.1159935;https://medialib.naturalis.nl/file/id/RGM.1159935/format/large
RGM.1160250;https://medialib.naturalis.nl/file/id/RGM.1160250/format/large
RGM.1160295;https://medialib.naturalis.nl/file/id/RGM.1160295/format/large
RGM.1160329;https://medialib.naturalis.nl/file/id/RGM.1160329/format/large
RGM.1160469;https://medialib.naturalis.nl/file/id/RGM.1160469/format/large
RGM.1163999;https://medialib.naturalis.nl/file/id/RGM.1163999/format/large
RGM.1164105;https://medialib.naturalis.nl/file/id/RGM.1164105/format/large
RGM.1164142;https://medialib.naturalis.nl/file/id/RGM.1164142/format/large
RGM.1164152;https://medialib.naturalis.nl/file/id/RGM.1164152/format/large
RGM.1164360;https://medialib.naturalis.nl/file/id/RGM.1164360/format/large
RGM.1166297;https://medialib.naturalis.nl/file/id/RGM.1166297/format/large
RGM.1166301;https://medialib.naturalis.nl/file/id/RGM.1166301/format/large
RGM.1166555;https://medialib.naturalis.nl/file/id/RGM.1166555/format/large
RGM.1167435;https://medialib.naturalis.nl/file/id/RGM.1167435/format/large
RGM.1167443;https://medialib.naturalis.nl/file/id/RGM.1167443/format/large
RGM.1167452;https://medialib.naturalis.nl/file/id/RGM.1167452/format/large
RGM.1167547;https://medialib.naturalis.nl/file/id/RGM.1167547/format/large
RGM.1168268;https://medialib.naturalis.nl/file/id/RGM.1168268/format/large
RGM.1168413;https://medialib.naturalis.nl/file/id/RGM.1168413/format/large
RGM.1171257;https://medialib.naturalis.nl/file/id/RGM.1171257/format/large
RGM.1173674;https://medialib.naturalis.nl/file/id/RGM.1173674/format/large
RGM.1173833;https://medialib.naturalis.nl/file/id/RGM.1173833/format/large
RGM.1174512;https://medialib.naturalis.nl/file/id/RGM.1174512/format/large
RGM.1174833;https://medialib.naturalis.nl/file/id/RGM.1174833/format/large
RGM.1174861;https://medialib.naturalis.nl/file/id/RGM.1174861/format/large
RGM.1178739;https://medialib.naturalis.nl/file/id/RGM.1178739/format/large
RGM.1179096;https://medialib.naturalis.nl/file/id/RGM.1179096/format/large
RGM.1179824;https://medialib.naturalis.nl/file/id/RGM.1179824/format/large
RGM.1180074;https://medialib.naturalis.nl/file/id/RGM.1180074/format/large
RGM.1180107;https://medialib.naturalis.nl/file/id/RGM.1180107/format/large
RGM.1184736;https://medialib.naturalis.nl/file/id/RGM.1184736/format/large
RGM.1185443;https://medialib.naturalis.nl/file/id/RGM.1185443/format/large
RGM.1185561;https://medialib.naturalis.nl/file/id/RGM.1185561/format/large
RGM.1187725;https://medialib.naturalis.nl/file/id/RGM.1187725/format/large
RGM.1187991;https://medialib.naturalis.nl/file/id/RGM.1187991/format/large
RGM.1188535;https://medialib.naturalis.nl/file/id/RGM.1188535/format/large
RGM.1188739;https://medialib.naturalis.nl/file/id/RGM.1188739/format/large
RGM.1189309;https://medialib.naturalis.nl/file/id/RGM.1189309/format/large
RGM.1189600;https://medialib.naturalis.nl/file/id/RGM.1189600/format/large
RGM.1189628;https://medialib.naturalis.nl/file/id/RGM.1189628/format/large
RGM.1189813;https://medialib.naturalis.nl/file/id/RGM.1189813/format/large
RGM.1189893;https://medialib.naturalis.nl/file/id/RGM.1189893/format/large
RGM.1190815;https://medialib.naturalis.nl/file/id/RGM.1190815/format/large
RGM.1191320;https://medialib.naturalis.nl/file/id/RGM.1191320/format/large
RGM.1191366;https://medialib.naturalis.nl/file/id/RGM.1191366/format/large
RGM.1191722;https://medialib.naturalis.nl/file/id/RGM.1191722/format/large
RGM.1191869;https://medialib.naturalis.nl/file/id/RGM.1191869/format/large
RGM.1191919;https://medialib.naturalis.nl/file/id/RGM.1191919/format/large
RGM.1191944;https://medialib.naturalis.nl/file/id/RGM.1191944/format/large
RGM.1192063;https://medialib.naturalis.nl/file/id/RGM.1192063/format/large
RGM.1192420;https://medialib.naturalis.nl/file/id/RGM.1192420/format/large
RGM.1193410;https://medialib.naturalis.nl/file/id/RGM.1193410/format/large
RGM.1193438;https://medialib.naturalis.nl/file/id/RGM.1193438/format/large
RGM.1193671;https://medialib.naturalis.nl/file/id/RGM.1193671/format/large
RGM.1193702;https://medialib.naturalis.nl/file/id/RGM.1193702/format/large
RGM.1194037;https://medialib.naturalis.nl/file/id/RGM.1194037/format/large
RGM.1194116;https://medialib.naturalis.nl/file/id/RGM.1194116/format/large
RGM.1194778;https://medialib.naturalis.nl/file/id/RGM.1194778/format/large
RGM.1194826;https://medialib.naturalis.nl/file/id/RGM.1194826/format/large
RGM.1195553;https://medialib.naturalis.nl/file/id/RGM.1195553/format/large
RGM.1195701;https://medialib.naturalis.nl/file/id/RGM.1195701/format/large
RGM.1195859;https://medialib.naturalis.nl/file/id/RGM.1195859/format/large
RGM.1195954;https://medialib.naturalis.nl/file/id/RGM.1195954/format/large
RGM.1196050;https://medialib.naturalis.nl/file/id/RGM.1196050/format/large
RGM.1196465;https://medialib.naturalis.nl/file/id/RGM.1196465/format/large
RGM.1197185;https://medialib.naturalis.nl/file/id/RGM.1197185/format/large
RGM.1197359;https://medialib.naturalis.nl/file/id/RGM.1197359/format/large
RGM.1197450;https://medialib.naturalis.nl/file/id/RGM.1197450/format/large
RGM.1197489;https://medialib.naturalis.nl/file/id/RGM.1197489/format/large
RGM.1197509;https://medialib.naturalis.nl/file/id/RGM.1197509/format/large
RGM.1197616;https://medialib.naturalis.nl/file/id/RGM.1197616/format/large
RGM.1198524;https://medialib.naturalis.nl/file/id/RGM.1198524/format/large
RGM.1199316;https://medialib.naturalis.nl/file/id/RGM.1199316/format/large
RGM.1199318;https://medialib.naturalis.nl/file/id/RGM.1199318/format/large
RGM.1199344;https://medialib.naturalis.nl/file/id/RGM.1199344/format/large
RGM.1199736;https://medialib.naturalis.nl/file/id/RGM.1199736/format/large
RGM.1199749;https://medialib.naturalis.nl/file/id/RGM.1199749/format/large
RGM.1200089;https://medialib.naturalis.nl/file/id/RGM.1200089/format/large
RGM.1200103;https://medialib.naturalis.nl/file/id/RGM.1200103/format/large
RGM.1200200;https://medialib.naturalis.nl/file/id/RGM.1200200/format/large
RGM.1200238;https://medialib.naturalis.nl/file/id/RGM.1200238/format/large
RGM.1200316;https://medialib.naturalis.nl/file/id/RGM.1200316/format/large
RGM.1200651;https://medialib.naturalis.nl/file/id/RGM.1200651/format/large
RGM.1201294;https://medialib.naturalis.nl/file/id/RGM.1201294/format/large
RGM.1201315;https://medialib.naturalis.nl/file/id/RGM.1201315/format/large
RGM.1208928;https://medialib.naturalis.nl/file/id/RGM.1208928/format/large
RGM.1212427;https://medialib.naturalis.nl/file/id/RGM.1212427/format/large
RGM.1212436;https://medialib.naturalis.nl/file/id/RGM.1212436/format/large
RGM.1212449;https://medialib.naturalis.nl/file/id/RGM.1212449/format/large
RGM.1212491;https://medialib.naturalis.nl/file/id/RGM.1212491/format/large
RGM.1212566;https://medialib.naturalis.nl/file/id/RGM.1212566/format/large
RGM.1212572;https://medialib.naturalis.nl/file/id/RGM.1212572/format/large
RGM.1212717;https://medialib.naturalis.nl/file/id/RGM.1212717/format/large
RGM.1213139;https://medialib.naturalis.nl/file/id/RGM.1213139/format/large
RGM.1213200;https://medialib.naturalis.nl/file/id/RGM.1213200/format/large
RGM.1213276;https://medialib.naturalis.nl/file/id/RGM.1213276/format/large
RGM.1213365;https://medialib.naturalis.nl/file/id/RGM.1213365/format/large
RGM.1213373;https://medialib.naturalis.nl/file/id/RGM.1213373/format/large
RGM.1213851;https://medialib.naturalis.nl/file/id/RGM.1213851/format/large
RGM.1215001;https://medialib.naturalis.nl/file/id/RGM.1215001/format/large
RGM.1215038;https://medialib.naturalis.nl/file/id/RGM.1215038/format/large
RGM.1215220;https://medialib.naturalis.nl/file/id/RGM.1215220/format/large
RGM.1215326;https://medialib.naturalis.nl/file/id/RGM.1215326/format/large
RGM.1215336;https://medialib.naturalis.nl/file/id/RGM.1215336/format/large
RGM.1215350;https://medialib.naturalis.nl/file/id/RGM.1215350/format/large
RGM.1215418;https://medialib.naturalis.nl/file/id/RGM.1215418/format/large
RGM.1215824;https://medialib.naturalis.nl/file/id/RGM.1215824/format/large
RGM.1216011;https://medialib.naturalis.nl/file/id/RGM.1216011/format/large
RGM.1216028;https://medialib.naturalis.nl/file/id/RGM.1216028/format/large
RGM.1219001;https://medialib.naturalis.nl/file/id/RGM.1219001/format/large
RGM.1219200;https://medialib.naturalis.nl/file/id/RGM.1219200/format/large
RGM.1219214;https://medialib.naturalis.nl/file/id/RGM.1219214/format/large
RGM.1219477;https://medialib.naturalis.nl/file/id/RGM.1219477/format/large
RGM.1219560;https://medialib.naturalis.nl/file/id/RGM.1219560/format/large
RGM.1219630;https://medialib.naturalis.nl/file/id/RGM.1219630/format/large
RGM.1219655;https://medialib.naturalis.nl/file/id/RGM.1219655/format/large
RGM.1219936;https://medialib.naturalis.nl/file/id/RGM.1219936/format/large
RGM.1230675;https://medialib.naturalis.nl/file/id/RGM.1230675/format/large
RGM.1231732;https://medialib.naturalis.nl/file/id/RGM.1231732/format/large
RGM.1231834;https://medialib.naturalis.nl/file/id/RGM.1231834/format/large
RGM.1239171;https://medialib.naturalis.nl/file/id/RGM.1239171/format/large
RGM.1240841;https://medialib.naturalis.nl/file/id/RGM.1240841/format/large
RGM.1241031;https://medialib.naturalis.nl/file/id/RGM.1241031/format/large
RGM.1241033;https://medialib.naturalis.nl/file/id/RGM.1241033/format/large
RGM.1241370;https://medialib.naturalis.nl/file/id/RGM.1241370/format/large
RGM.1241619;https://medialib.naturalis.nl/file/id/RGM.1241619/format/large
RGM.1241804;https://medialib.naturalis.nl/file/id/RGM.1241804/format/large
RGM.1243417;https://medialib.naturalis.nl/file/id/RGM.1243417/format/large
RGM.1246439;https://medialib.naturalis.nl/file/id/RGM.1246439/format/large
RGM.1246494;https://medialib.naturalis.nl/file/id/RGM.1246494/format/large
RGM.1247448;https://medialib.naturalis.nl/file/id/RGM.1247448/format/large
RGM.1248306;https://medialib.naturalis.nl/file/id/RGM.1248306/format/large
RGM.13051;https://medialib.naturalis.nl/file/id/RGM.13051_1/format/large
RGM.13051;https://medialib.naturalis.nl/file/id/RGM.13051_2/format/large
RGM.1340878;https://medialib.naturalis.nl/file/id/RGM.1340878/format/large
RGM.1340878;https://medialib.naturalis.nl/file/id/RGM.1340878_2/format/large
RGM.1340878;https://medialib.naturalis.nl/file/id/RGM.1340878_3/format/large
RGM.163266;https://medialib.naturalis.nl/file/id/RGM.163266_1/format/large
RGM.163266;https://medialib.naturalis.nl/file/id/RGM.163266_2/format/large
RGM.164654;https://medialib.naturalis.nl/file/id/RGM.164654/format/large
RGM.20833;https://medialib.naturalis.nl/file/id/RGM.20833_1/format/large
RGM.20833;https://medialib.naturalis.nl/file/id/RGM.20833_2/format/large
RGM.20959;https://medialib.naturalis.nl/file/id/RGM.20959_1/format/large
RGM.20959;https://medialib.naturalis.nl/file/id/RGM.20959_2/format/large
RGM.20959;https://medialib.naturalis.nl/file/id/RGM.20959_3/format/large
RGM.20959;https://medialib.naturalis.nl/file/id/RGM.20959_4/format/large
RGM.20959;https://medialib.naturalis.nl/file/id/RGM.20959_5/format/large
RGM.20959;https://medialib.naturalis.nl/file/id/RGM.20959_6/format/large
RGM.272935;https://medialib.naturalis.nl/file/id/RGM.272935/format/large
RGM.272935;https://medialib.naturalis.nl/file/id/RGM.272935_2/format/large
RGM.272935;https://medialib.naturalis.nl/file/id/RGM.272935_3/format/large
RGM.329005;https://medialib.naturalis.nl/file/id/RGM.329005_1/format/large
RGM.329005;https://medialib.naturalis.nl/file/id/RGM.329005_2/format/large
RGM.329005;https://medialib.naturalis.nl/file/id/RGM.329005_3/format/large
RGM.329005;https://medialib.naturalis.nl/file/id/RGM.329005_4/format/large
RGM.329524;https://medialib.naturalis.nl/file/id/RGM.329524_1/format/large
RGM.358636;https://medialib.naturalis.nl/file/id/RGM.358636_1/format/large
RGM.420527;https://medialib.naturalis.nl/file/id/RGM.420527_1/format/large
RGM.420527;https://medialib.naturalis.nl/file/id/RGM.420527_2/format/large
RGM.850976;https://medialib.naturalis.nl/file/id/RGM.850976/format/large
RGM.857590;https://medialib.naturalis.nl/file/id/RGM.857590/format/large
RGM.990533;https://medialib.naturalis.nl/file/id/RGM.990533/format/large
RGM.990592;https://medialib.naturalis.nl/file/id/RGM.990592/format/large
RGM.990686;https://medialib.naturalis.nl/file/id/RGM.990686/format/large
RGM.991083;https://medialib.naturalis.nl/file/id/RGM.991083/format/large
RGM.991140;https://medialib.naturalis.nl/file/id/RGM.991140/format/large
RGM.991224;https://medialib.naturalis.nl/file/id/RGM.991224/format/large
RGM.991442;https://medialib.naturalis.nl/file/id/RGM.991442/format/large
RGM.991613;https://medialib.naturalis.nl/file/id/RGM.991613/format/large
RGM.995452;https://medialib.naturalis.nl/file/id/RGM.995452/format/large
RGM.996232;https://medialib.naturalis.nl/file/id/RGM.996232/format/large
RGM.996892;https://medialib.naturalis.nl/file/id/RGM.996892/format/large
RGM.997241;https://medialib.naturalis.nl/file/id/RGM.997241/format/large
RGM.997506;https://medialib.naturalis.nl/file/id/RGM.997506/format/large
RGM.997769;https://medialib.naturalis.nl/file/id/RGM.997769/format/large
